network,model,feature_config,strategy,overall_mae_avg,recurrent_mae_avg,nr_mae_avg,unobserved_onset_mae,confirmed_nr_mae,overall_rmse_avg,nr_rmse_avg,nr_rate_pct,elapsed_s
cranberry,agcrn,speed_incidents,standard,3.2987,3.2003,7.3154,11.333,5.9208,4.659,11.3094,2.393,1694.3
cranberry,agcrn,speed,multi_objective,3.4893,3.3808,7.9156,12.2882,6.3978,4.8897,11.9041,2.393,362.1
cranberry,agcrn,speed,nr_finetune,3.3053,3.2075,7.2967,11.3405,5.893,4.6631,11.294,2.393,1202.4
cranberry,agcrn,speed_nr,standard,3.2842,3.1843,7.3619,11.3321,5.9834,4.641,11.2849,2.393,2450.0
cranberry,agcrn,speed,standard,3.276,3.1769,7.3217,11.3949,5.9076,4.6377,11.3507,2.393,2446.9
cranberry,agcrn,speed_time_incidents,standard,3.3053,3.206,7.3597,11.3542,5.9731,4.6688,11.3686,2.393,885.9
cranberry,agcrn,speed_time_nr,standard,3.2973,3.198,7.3504,11.3827,5.9506,4.6575,11.3148,2.393,1187.7
cranberry,agcrn,speed_time,standard,3.2631,3.1638,7.3177,11.2808,5.9418,4.6292,11.3871,2.393,3067.4
cranberry,agcrn,speed_time_weather_incidents,standard,3.3499,3.2448,7.6379,11.587,6.2672,4.7249,11.6342,2.393,584.8
cranberry,agcrn,speed_time_weather,standard,3.3397,3.2355,7.5921,11.5261,6.2266,4.717,11.6406,2.393,1542.3
cranberry,agcrn,speed_weather_incidents,standard,3.3303,3.2249,7.6318,11.6001,6.2545,4.7103,11.7047,2.393,1404.6
cranberry,agcrn,speed_weather,standard,3.3288,3.2251,7.5611,11.5287,6.184,4.703,11.6115,2.393,1357.0
cranberry,agcrn,speed,weighted_loss,3.6098,3.5152,7.4714,10.9275,6.2713,4.9807,11.162,2.393,513.8
cranberry,astgcn,speed_incidents,standard,3.3605,3.2491,7.9073,11.6753,6.5999,4.7621,12.1223,2.393,1189.4
cranberry,astgcn,speed,nr_finetune,3.4136,3.3015,7.9895,11.6838,6.7077,4.8191,12.1992,2.393,2145.9
cranberry,astgcn,speed_nr,standard,3.5631,3.4337,8.8422,11.9788,7.755,5.0397,13.4405,2.393,1979.8
cranberry,astgcn,speed,standard,3.4521,3.3278,8.5243,11.7985,7.3891,4.9169,13.069,2.393,1313.6
cranberry,astgcn,speed_time_incidents,standard,3.3355,3.2305,7.6212,11.6024,6.2391,4.7068,11.5888,2.393,694.0
cranberry,astgcn,speed_time_nr,standard,3.3672,3.2586,7.7997,11.6431,6.4657,4.7532,11.838,2.393,1430.5
cranberry,astgcn,speed_time,standard,3.4126,3.3058,7.7722,11.5912,6.4468,4.8057,11.9065,2.393,3420.0
cranberry,astgcn,speed_time_weather_incidents,standard,3.5262,3.3952,8.8722,11.9416,7.808,5.0114,13.4074,2.393,3358.3
cranberry,astgcn,speed_time_weather,standard,3.3757,3.2671,7.8046,11.6468,6.4711,4.77,11.9002,2.393,666.6
cranberry,astgcn,speed_weather_incidents,standard,3.6391,3.5017,9.2421,12.0785,8.2587,5.1219,13.6962,2.393,497.3
cranberry,astgcn,speed_weather,standard,3.3874,3.2769,7.8962,11.7386,6.5626,4.7711,11.819,2.393,676.2
cranberry,astgcn,speed,weighted_loss,3.546,3.4505,7.4428,10.9465,6.2262,4.9169,11.0893,2.393,1030.9
cranberry,d2stgnn,speed_incidents,standard,3.816,3.6087,12.2712,13.3814,11.8865,5.4601,16.8166,2.393,367.1
cranberry,d2stgnn,speed,multi_objective,3.8584,3.6635,11.8079,12.9222,11.4236,5.4721,16.3682,2.393,53.3
cranberry,d2stgnn,speed,nr_finetune,3.8584,3.6635,11.8079,12.9222,11.4236,5.4721,16.3682,2.393,53.2
cranberry,d2stgnn,speed_nr,standard,3.8166,3.6088,12.2896,13.3817,11.9112,5.4613,16.8307,2.393,290.0
cranberry,d2stgnn,speed,standard,3.7929,3.587,12.1932,13.3517,11.7917,5.4335,16.7524,2.393,275.3
cranberry,d2stgnn,speed_time_incidents,standard,3.8394,3.6391,12.0077,13.1434,11.6144,5.4666,16.5752,2.393,326.0
cranberry,d2stgnn,speed_time_nr,standard,3.8389,3.6391,11.9864,13.1433,11.5857,5.4655,16.5594,2.393,334.4
cranberry,d2stgnn,speed_time,standard,3.816,3.6146,12.0295,13.1867,11.6287,5.4453,16.5968,2.393,282.2
cranberry,d2stgnn,speed_time_weather_incidents,standard,3.8316,3.6252,12.2492,13.3742,11.8588,5.4735,16.7974,2.393,338.9
cranberry,d2stgnn,speed_time_weather,standard,3.8213,3.6172,12.1476,13.3058,11.7459,5.4581,16.7059,2.393,234.2
cranberry,d2stgnn,speed_weather_incidents,standard,3.8356,3.6286,12.2795,13.4411,11.876,5.4793,16.8328,2.393,291.9
cranberry,d2stgnn,speed_weather,standard,3.8206,3.6148,12.2147,13.3558,11.8187,5.4617,16.7787,2.393,290.2
cranberry,d2stgnn,speed,weighted_loss,3.8584,3.6635,11.8079,12.9222,11.4236,5.4721,16.3682,2.393,53.3
cranberry,dcrnn,speed_incidents,standard,3.2605,3.1627,7.251,11.2616,5.8583,4.6245,11.3061,2.393,3854.9
cranberry,dcrnn,speed,multi_objective,3.2822,3.1839,7.2945,11.2954,5.9053,4.6422,11.2965,2.393,2886.6
cranberry,dcrnn,speed,nr_finetune,3.2784,3.176,7.4549,11.2759,6.1271,4.6567,11.5197,2.393,4418.0
cranberry,dcrnn,speed_nr,standard,3.2785,3.1752,7.4963,11.1833,6.2142,4.6422,11.3622,2.393,3076.1
cranberry,dcrnn,speed,standard,3.2669,3.165,7.4261,11.225,6.106,4.6382,11.4456,2.393,2708.0
cranberry,dcrnn,speed_time_incidents,standard,3.2899,3.1929,7.2468,11.2905,5.8428,4.6453,11.2363,2.393,1466.3
cranberry,dcrnn,speed_time_nr,standard,3.2893,3.19,7.3412,11.3435,5.9512,4.6461,11.276,2.393,2225.4
cranberry,dcrnn,speed_time,standard,3.269,3.1691,7.3472,11.1299,6.0326,4.6407,11.4162,2.393,4512.7
cranberry,dcrnn,speed_time_weather_incidents,standard,3.3088,3.2049,7.5515,11.3412,6.2356,4.6799,11.4953,2.393,2134.7
cranberry,dcrnn,speed_time_weather,standard,3.2816,3.1762,7.5847,11.4096,6.2566,4.6605,11.62,2.393,2662.1
cranberry,dcrnn,speed_weather_incidents,standard,3.2974,3.1947,7.487,11.5202,6.0867,4.6688,11.4848,2.393,2397.6
cranberry,dcrnn,speed_weather,standard,3.2921,3.1856,7.6387,11.5067,6.2951,4.6773,11.7508,2.393,3534.6
cranberry,dcrnn,speed,weighted_loss,3.5218,3.4205,7.6601,11.2054,6.4276,4.9046,11.7557,2.393,2055.0
cranberry,dgcrn,speed_incidents,standard,3.2224,3.1266,7.1333,11.079,5.7631,4.5815,11.196,2.393,8341.5
cranberry,dgcrn,speed,multi_objective,3.239,3.1398,7.2883,11.1608,5.9428,4.6023,11.33,2.393,4657.5
cranberry,dgcrn,speed,nr_finetune,3.2507,3.1554,7.1425,11.2241,5.7252,4.6001,11.1466,2.393,3948.4
cranberry,dgcrn,speed_nr,standard,3.2238,3.1266,7.1874,11.0507,5.8456,4.5778,11.0849,2.393,6002.7
cranberry,dgcrn,speed,standard,3.2465,3.1529,7.0702,11.1093,5.6678,4.5927,11.0532,2.393,5018.1
cranberry,dgcrn,speed_time_incidents,standard,3.2698,3.1731,7.217,11.2735,5.8084,4.6202,11.1686,2.393,2246.4
cranberry,dgcrn,speed_time_nr,standard,3.2698,3.1731,7.217,11.2735,5.8084,4.6202,11.1686,2.393,2277.1
cranberry,dgcrn,speed_time,standard,3.2717,3.1754,7.2039,11.2876,5.786,4.6224,11.174,2.393,1579.7
cranberry,dgcrn,speed_time_weather_incidents,standard,3.2698,3.1731,7.217,11.2735,5.8084,4.6202,11.1686,2.393,2268.6
cranberry,dgcrn,speed_time_weather,standard,3.2717,3.1754,7.2039,11.2876,5.786,4.6224,11.174,2.393,1599.1
cranberry,dgcrn,speed_weather_incidents,standard,3.2717,3.1754,7.2039,11.2876,5.786,4.6224,11.174,2.393,1588.0
cranberry,dgcrn,speed_weather,standard,3.2717,3.1754,7.2039,11.2876,5.786,4.6224,11.174,2.393,1583.4
cranberry,dgcrn,speed,weighted_loss,3.4777,3.3877,7.1525,10.7816,5.8919,4.8458,10.8832,2.393,2586.2
cranberry,dstagnn,speed_incidents,standard,3.3901,3.2866,7.6143,11.6237,6.2227,4.7625,11.4525,2.393,1676.5
cranberry,dstagnn,speed,multi_objective,3.3057,3.2054,7.3964,11.5083,5.969,4.676,11.441,2.393,1918.1
cranberry,dstagnn,speed,nr_finetune,3.3012,3.2008,7.4004,11.3866,6.0165,4.6761,11.4879,2.393,2151.1
cranberry,dstagnn,speed_nr,standard,3.3105,3.209,7.451,11.5055,6.0437,4.6865,11.4607,2.393,1344.2
cranberry,dstagnn,speed,standard,3.7991,3.5919,12.2475,13.3232,11.8755,5.4421,16.8013,2.393,1143.1
cranberry,dstagnn,speed_time_incidents,standard,3.306,3.2051,7.4215,11.4421,6.0258,4.6777,11.4893,2.393,1564.5
cranberry,dstagnn,speed_time_nr,standard,3.413,3.3067,7.749,11.5195,6.4403,4.7864,11.5623,2.393,806.5
cranberry,dstagnn,speed_time,standard,3.4067,3.2991,7.7986,11.751,6.4267,4.791,11.648,2.393,2317.9
cranberry,dstagnn,speed_time_weather_incidents,standard,3.3951,3.2919,7.6066,11.5726,6.2299,4.7674,11.4502,2.393,2394.6
cranberry,dstagnn,speed_time_weather,standard,3.3,3.1981,7.4613,11.4769,6.0674,4.6794,11.5733,2.393,1094.2
cranberry,dstagnn,speed_weather_incidents,standard,3.7995,3.5929,12.2279,13.3067,11.8548,5.4413,16.7831,2.393,1346.6
cranberry,dstagnn,speed_weather,standard,3.7987,3.5907,12.2789,13.3518,11.9078,5.4436,16.8306,2.393,797.2
cranberry,dstagnn,speed,weighted_loss,3.6264,3.5274,7.664,10.9484,6.5233,5.0093,11.2382,2.393,659.1
cranberry,gwnet,speed_incidents,standard,3.2206,3.1254,7.1079,11.1945,5.6889,4.5711,11.0876,2.393,4187.1
cranberry,gwnet,speed,multi_objective,3.2391,3.1418,7.2105,11.3487,5.7738,4.6003,11.1627,2.393,5344.2
cranberry,gwnet,speed,nr_finetune,3.2255,3.1288,7.1695,11.1762,5.778,4.5823,11.1159,2.393,8213.1
cranberry,gwnet,speed_nr,standard,3.2189,3.123,7.1335,11.14,5.742,4.5679,11.0108,2.393,4195.5
cranberry,gwnet,speed,standard,3.2207,3.1257,7.0997,11.2149,5.6708,4.5751,11.0849,2.393,4473.8
cranberry,gwnet,speed_time_incidents,standard,3.2248,3.1308,7.0628,11.1598,5.6403,4.5744,11.0467,2.393,4828.0
cranberry,gwnet,speed_time_nr,standard,3.2291,3.1344,7.0919,11.178,5.6729,4.5761,11.0089,2.393,5954.7
cranberry,gwnet,speed_time,standard,3.2197,3.1238,7.136,11.3639,5.6682,4.5785,11.1646,2.393,4328.1
cranberry,gwnet,speed_time_weather_incidents,standard,3.2483,3.1446,7.4809,11.4501,6.1026,4.6205,11.4712,2.393,7633.0
cranberry,gwnet,speed_time_weather,standard,3.2412,3.1449,7.1725,11.2358,5.7618,4.5933,11.1482,2.393,3799.3
cranberry,gwnet,speed_weather_incidents,standard,3.2345,3.1368,7.2219,11.3111,5.8018,4.5923,11.2166,2.393,4768.1
cranberry,gwnet,speed_weather,standard,3.2336,3.1353,7.2465,11.312,5.8347,4.5912,11.2327,2.393,5034.7
cranberry,gwnet,speed,weighted_loss,3.4477,3.3579,7.1154,10.8122,5.8318,4.793,10.7766,2.393,3207.9
cranberry,historical_average,speed_incidents,standard,3.8118,3.6119,11.9683,13.129,11.5668,5.4357,16.473,2.393,2.0
cranberry,historical_average,speed_nr,standard,3.8118,3.6119,11.9683,13.129,11.5668,5.4357,16.473,2.393,2.0
cranberry,historical_average,speed,standard,3.8118,3.6119,11.9683,13.129,11.5668,5.4357,16.473,2.393,2.7
cranberry,historical_average,speed_time_incidents,standard,3.8118,3.6119,11.9683,13.129,11.5668,5.4357,16.473,2.393,2.1
cranberry,historical_average,speed_time_nr,standard,3.8118,3.6119,11.9683,13.129,11.5668,5.4357,16.473,2.393,2.2
cranberry,historical_average,speed_time,standard,3.8118,3.6119,11.9683,13.129,11.5668,5.4357,16.473,2.393,2.7
cranberry,historical_average,speed_time_weather_incidents,standard,3.8118,3.6119,11.9683,13.129,11.5668,5.4357,16.473,2.393,2.1
cranberry,historical_average,speed_time_weather,standard,3.8118,3.6119,11.9683,13.129,11.5668,5.4357,16.473,2.393,2.0
cranberry,historical_average,speed_weather_incidents,standard,3.8118,3.6119,11.9683,13.129,11.5668,5.4357,16.473,2.393,2.1
cranberry,historical_average,speed_weather,standard,3.8118,3.6119,11.9683,13.129,11.5668,5.4357,16.473,2.393,2.0
cranberry,hl,speed_incidents,standard,4.4789,4.3712,8.8748,12.1507,7.7352,6.2148,13.1775,2.393,2.8
cranberry,hl,speed,multi_objective,4.4789,4.3712,8.8748,12.1507,7.7352,6.2148,13.1775,2.393,3.3
cranberry,hl,speed,nr_finetune,4.4789,4.3712,8.8748,12.1507,7.7352,6.2148,13.1775,2.393,3.3
cranberry,hl,speed_nr,standard,4.4789,4.3712,8.8748,12.1507,7.7352,6.2148,13.1775,2.393,2.7
cranberry,hl,speed,standard,4.4789,4.3712,8.8748,12.1507,7.7352,6.2148,13.1775,2.393,3.1
cranberry,hl,speed_time_incidents,standard,4.4789,4.3712,8.8748,12.1507,7.7352,6.2148,13.1775,2.393,2.7
cranberry,hl,speed_time_nr,standard,4.4789,4.3712,8.8748,12.1507,7.7352,6.2148,13.1775,2.393,2.7
cranberry,hl,speed_time,standard,4.4789,4.3712,8.8748,12.1507,7.7352,6.2148,13.1775,2.393,2.7
cranberry,hl,speed_time_weather_incidents,standard,4.4789,4.3712,8.8748,12.1507,7.7352,6.2148,13.1775,2.393,2.8
cranberry,hl,speed_time_weather,standard,4.4789,4.3712,8.8748,12.1507,7.7352,6.2148,13.1775,2.393,3.4
cranberry,hl,speed_weather_incidents,standard,4.4789,4.3712,8.8748,12.1507,7.7352,6.2148,13.1775,2.393,3.3
cranberry,hl,speed_weather,standard,4.4789,4.3712,8.8748,12.1507,7.7352,6.2148,13.1775,2.393,2.7
cranberry,hl,speed,weighted_loss,4.4789,4.3712,8.8748,12.1507,7.7352,6.2148,13.1775,2.393,2.6
cranberry,last_observation,speed_incidents,standard,4.4789,4.3712,8.8748,12.1507,7.7352,6.2148,13.1775,2.393,1.1
cranberry,last_observation,speed_nr,standard,4.4789,4.3712,8.8748,12.1507,7.7352,6.2148,13.1775,2.393,1.2
cranberry,last_observation,speed,standard,4.4789,4.3712,8.8748,12.1507,7.7352,6.2148,13.1775,2.393,1.9
cranberry,last_observation,speed_time_incidents,standard,4.4789,4.3712,8.8748,12.1507,7.7352,6.2148,13.1775,2.393,1.2
cranberry,last_observation,speed_time_nr,standard,4.4789,4.3712,8.8748,12.1507,7.7352,6.2148,13.1775,2.393,1.3
cranberry,last_observation,speed_time,standard,4.4789,4.3712,8.8748,12.1507,7.7352,6.2148,13.1775,2.393,1.2
cranberry,last_observation,speed_time_weather_incidents,standard,4.4789,4.3712,8.8748,12.1507,7.7352,6.2148,13.1775,2.393,1.2
cranberry,last_observation,speed_time_weather,standard,4.4789,4.3712,8.8748,12.1507,7.7352,6.2148,13.1775,2.393,1.2
cranberry,last_observation,speed_weather_incidents,standard,4.4789,4.3712,8.8748,12.1507,7.7352,6.2148,13.1775,2.393,1.2
cranberry,last_observation,speed_weather,standard,4.4789,4.3712,8.8748,12.1507,7.7352,6.2148,13.1775,2.393,1.2
cranberry,linear_ar,speed_incidents,standard,3.4328,3.3216,7.9676,11.6559,6.6876,4.8257,11.8631,2.393,231.2
cranberry,linear_ar,speed_nr,standard,3.4328,3.3216,7.9676,11.6559,6.6876,4.8257,11.8631,2.393,235.0
cranberry,linear_ar,speed,standard,3.4328,3.3216,7.9676,11.6559,6.6876,4.8257,11.8631,2.393,230.2
cranberry,linear_ar,speed_time_incidents,standard,3.4328,3.3216,7.9676,11.6559,6.6876,4.8257,11.8631,2.393,233.6
cranberry,linear_ar,speed_time_nr,standard,3.4328,3.3216,7.9676,11.6559,6.6876,4.8257,11.8631,2.393,274.7
cranberry,linear_ar,speed_time,standard,3.4328,3.3216,7.9676,11.6559,6.6876,4.8257,11.8631,2.393,239.4
cranberry,linear_ar,speed_time_weather_incidents,standard,3.4328,3.3216,7.9676,11.6559,6.6876,4.8257,11.8631,2.393,275.4
cranberry,linear_ar,speed_time_weather,standard,3.4328,3.3216,7.9676,11.6559,6.6876,4.8257,11.8631,2.393,243.4
cranberry,linear_ar,speed_weather_incidents,standard,3.4328,3.3216,7.9676,11.6559,6.6876,4.8257,11.8631,2.393,236.8
cranberry,linear_ar,speed_weather,standard,3.4328,3.3216,7.9676,11.6559,6.6876,4.8257,11.8631,2.393,231.3
cranberry,lstm,speed_incidents,standard,3.382,3.2796,7.5611,11.6383,6.1457,4.7662,11.6347,2.393,426.4
cranberry,lstm,speed,multi_objective,3.3799,3.2771,7.5763,11.6756,6.1533,4.7628,11.6199,2.393,678.9
cranberry,lstm,speed,nr_finetune,3.3826,3.2807,7.5418,11.5973,6.1339,4.763,11.5833,2.393,774.3
cranberry,lstm,speed_nr,standard,3.3818,3.2775,7.6422,11.6787,6.2409,4.7616,11.6012,2.393,443.3
cranberry,lstm,speed,standard,3.3841,3.2803,7.6209,11.597,6.2404,4.769,11.6661,2.393,480.8
cranberry,lstm,speed_time_incidents,standard,3.3839,3.2825,7.5255,11.5714,6.1209,4.7621,11.5469,2.393,586.4
cranberry,lstm,speed_time_nr,standard,3.383,3.2792,7.62,11.6181,6.2318,4.7575,11.5305,2.393,731.0
cranberry,lstm,speed_time,standard,3.3845,3.2819,7.5699,11.5555,6.1861,4.7654,11.6017,2.393,449.5
cranberry,lstm,speed_time_weather_incidents,standard,3.3921,3.2834,7.8316,11.8328,6.4426,4.7815,11.8338,2.393,430.1
cranberry,lstm,speed_time_weather,standard,3.3929,3.285,7.7971,11.7985,6.4079,4.7804,11.7945,2.393,462.1
cranberry,lstm,speed_weather_incidents,standard,3.3974,3.2944,7.6,11.4834,6.2519,4.7747,11.5997,2.393,415.4
cranberry,lstm,speed_weather,standard,3.3948,3.2853,7.8606,11.7423,6.5129,4.7829,11.8407,2.393,396.4
cranberry,lstm,speed,weighted_loss,3.5778,3.4817,7.4977,11.0484,6.2646,4.9497,11.2441,2.393,377.5
cranberry,lstm_st,speed_incidents,standard,3.379,3.2769,7.5458,11.6215,6.1309,4.7576,11.5756,2.393,355.2
cranberry,lstm_st,speed,multi_objective,3.3812,3.2775,7.6161,11.5959,6.2344,4.762,11.5991,2.393,268.3
cranberry,lstm_st,speed,nr_finetune,3.3793,3.2761,7.5911,11.6377,6.1863,4.7604,11.6147,2.393,272.3
cranberry,lstm_st,speed_nr,standard,3.3857,3.2807,7.6718,11.5888,6.3116,4.7646,11.5998,2.393,122.9
cranberry,lstm_st,speed,standard,3.3832,3.2807,7.5693,11.6022,6.1692,4.7646,11.6152,2.393,131.5
cranberry,lstm_st,speed_time_incidents,standard,3.3811,3.2795,7.5274,11.5857,6.1186,4.7584,11.5462,2.393,330.3
cranberry,lstm_st,speed_time_nr,standard,3.3793,3.2755,7.6181,11.7175,6.1951,4.7533,11.5292,2.393,199.7
cranberry,lstm_st,speed_time,standard,3.3775,3.2751,7.5565,11.641,6.1385,4.7581,11.5934,2.393,274.3
cranberry,lstm_st,speed_time_weather_incidents,standard,3.3929,3.2875,7.693,11.6554,6.3177,4.773,11.6734,2.393,213.0
cranberry,lstm_st,speed_time_weather,standard,3.416,3.3116,7.6779,11.4591,6.365,4.7925,11.623,2.393,132.2
cranberry,lstm_st,speed_weather_incidents,standard,3.3764,3.2729,7.6012,11.6323,6.2019,4.7564,11.6271,2.393,247.9
cranberry,lstm_st,speed_weather,standard,3.3883,3.2789,7.8523,11.7741,6.4908,4.7763,11.8268,2.393,213.0
cranberry,lstm_st,speed,weighted_loss,3.5377,3.4404,7.5096,11.1562,6.2438,4.9046,11.2996,2.393,228.4
cranberry,stgcn,speed_incidents,standard,3.2756,3.1772,7.292,11.1885,5.9389,4.6321,11.2194,2.393,1155.9
cranberry,stgcn,speed,multi_objective,3.2875,3.1891,7.3045,11.3301,5.9069,4.6429,11.1912,2.393,814.4
cranberry,stgcn,speed,nr_finetune,3.2809,3.1836,7.2517,11.1911,5.8839,4.6319,11.1614,2.393,1400.6
cranberry,stgcn,speed_nr,standard,3.2972,3.1934,7.5318,11.3254,6.2147,4.6594,11.3703,2.393,555.8
cranberry,stgcn,speed,standard,3.2795,3.1816,7.2765,11.1667,5.9257,4.6321,11.1706,2.393,650.1
cranberry,stgcn,speed_time_incidents,standard,3.2769,3.1813,7.1773,11.2289,5.7707,4.6307,11.122,2.393,953.4
cranberry,stgcn,speed_time_nr,standard,3.2832,3.1849,7.2986,11.3062,5.9073,4.64,11.2045,2.393,1074.2
cranberry,stgcn,speed_time,standard,3.2671,3.1701,7.2301,11.2953,5.8187,4.6271,11.2298,2.393,1070.7
cranberry,stgcn,speed_time_weather_incidents,standard,3.2843,3.1859,7.3043,11.3445,5.9019,4.6429,11.2603,2.393,1017.7
cranberry,stgcn,speed_time_weather,standard,3.2782,3.1792,7.3186,11.3462,5.9206,4.6395,11.276,2.393,759.1
cranberry,stgcn,speed_weather_incidents,standard,3.2821,3.182,7.3686,11.322,5.9962,4.6444,11.3151,2.393,1027.8
cranberry,stgcn,speed_weather,standard,3.2953,3.1946,7.4038,11.4805,5.9887,4.6576,11.3194,2.393,456.6
cranberry,stgcn,speed,weighted_loss,3.4852,3.392,7.2881,10.7243,6.095,4.8368,10.9337,2.393,548.8
cranberry,stgode,speed_incidents,standard,3.3496,3.2501,7.4111,11.6086,5.9539,4.7181,11.3609,2.393,1255.2
cranberry,stgode,speed,multi_objective,3.365,3.264,7.4858,11.5155,6.0866,4.7326,11.3708,2.393,1532.6
cranberry,stgode,speed,nr_finetune,3.343,3.2444,7.3643,11.5005,5.9283,4.7079,11.2934,2.393,2955.2
cranberry,stgode,speed_nr,standard,3.3412,3.2418,7.3981,11.4003,6.0082,4.7024,11.2621,2.393,1849.9
cranberry,stgode,speed,standard,3.3517,3.2521,7.4163,11.5456,5.9827,4.7196,11.3522,2.393,1905.1
cranberry,stgode,speed_time_incidents,standard,3.3383,3.2391,7.387,11.4604,5.9728,4.704,11.3343,2.393,4717.6
cranberry,stgode,speed_time_nr,standard,3.3422,3.2438,7.36,11.4826,5.9286,4.7013,11.2056,2.393,3167.1
cranberry,stgode,speed_time,standard,3.3482,3.2479,7.4392,11.5853,5.9997,4.7146,11.3624,2.393,1624.4
cranberry,stgode,speed_time_weather_incidents,standard,3.3675,3.2661,7.5071,11.5283,6.1112,4.7303,11.3793,2.393,1307.8
cranberry,stgode,speed_time_weather,standard,3.3791,3.2752,7.6204,11.5857,6.2439,4.7507,11.5071,2.393,620.7
cranberry,stgode,speed_weather_incidents,standard,3.3657,3.2651,7.4718,11.4696,6.0839,4.7258,11.3413,2.393,890.5
cranberry,stgode,speed_weather,standard,3.3703,3.2673,7.5751,11.5874,6.1823,4.7358,11.4513,2.393,876.7
cranberry,stgode,speed,weighted_loss,3.5156,3.4214,7.3576,11.0309,6.082,4.907,11.0636,2.393,1466.6
cranberry,sttn,speed_incidents,standard,3.2403,3.1455,7.1085,11.2462,5.672,4.5908,11.0363,2.393,593.4
cranberry,sttn,speed,multi_objective,3.2496,3.1529,7.1971,11.2137,5.8024,4.6008,11.1014,2.393,1176.5
cranberry,sttn,speed,nr_finetune,3.2451,3.1509,7.0882,11.1432,5.6801,4.5939,11.0126,2.393,1711.4
cranberry,sttn,speed_nr,standard,3.2426,3.1475,7.1238,11.2087,5.7055,4.5884,10.9893,2.393,600.2
cranberry,sttn,speed,standard,3.254,3.1569,7.2171,11.2577,5.8138,4.6118,11.1381,2.393,373.9
cranberry,sttn,speed_time_incidents,standard,3.2386,3.1422,7.1699,11.3684,5.7124,4.5961,11.1777,2.393,1636.6
cranberry,sttn,speed_time_nr,standard,3.2482,3.1522,7.1658,11.0951,5.8013,4.5943,11.0061,2.393,1565.8
cranberry,sttn,speed_time,standard,3.2397,3.145,7.1044,11.188,5.6865,4.5911,11.02,2.393,788.8
cranberry,sttn,speed_time_weather_incidents,standard,3.25,3.1522,7.2415,11.3619,5.8111,4.6085,11.2082,2.393,1859.7
cranberry,sttn,speed_time_weather,standard,3.255,3.1591,7.1689,11.2606,5.748,4.6069,11.1065,2.393,944.4
cranberry,sttn,speed_weather_incidents,standard,3.253,3.1557,7.226,11.3702,5.7868,4.6049,11.1534,2.393,885.7
cranberry,sttn,speed_weather,standard,3.244,3.1478,7.1684,11.2982,5.7345,4.5977,11.1422,2.393,1205.6
cranberry,sttn,speed,weighted_loss,3.4648,3.3761,7.0862,10.7052,5.8294,4.8307,10.7811,2.393,762.8
cranberry,transformer,speed_incidents,standard,3.3746,3.2716,7.5798,11.7071,6.1471,4.758,11.6447,2.393,961.0
cranberry,transformer,speed,multi_objective,3.3822,3.2783,7.6261,11.686,6.2168,4.7668,11.6402,2.393,1896.7
cranberry,transformer,speed,nr_finetune,3.3835,3.2805,7.5877,11.5683,6.2058,4.7664,11.6075,2.393,2716.2
cranberry,transformer,speed_nr,standard,3.3758,3.2715,7.6296,11.7032,6.2154,4.7555,11.592,2.393,968.8
cranberry,transformer,speed,standard,3.3772,3.2741,7.584,11.6739,6.1643,4.7628,11.6775,2.393,946.8
cranberry,transformer,speed_time_incidents,standard,3.3773,3.2739,7.5976,11.6813,6.1801,4.7608,11.6439,2.393,918.4
cranberry,transformer,speed_time_nr,standard,3.3812,3.2755,7.696,11.6592,6.3201,4.7626,11.633,2.393,1403.6
cranberry,transformer,speed_time,standard,3.3749,3.2717,7.5853,11.7635,6.1351,4.7626,11.7074,2.393,749.9
cranberry,transformer,speed_time_weather_incidents,standard,3.4019,3.2973,7.6714,11.4346,6.3651,4.778,11.6125,2.393,828.6
cranberry,transformer,speed_time_weather,standard,3.3929,3.2878,7.6831,11.6765,6.297,4.774,11.7069,2.393,670.6
cranberry,transformer,speed_weather_incidents,standard,3.3871,3.2822,7.6721,11.638,6.2955,4.7729,11.7184,2.393,1058.1
cranberry,transformer,speed_weather,standard,3.404,3.2981,7.7286,11.4445,6.4387,4.7877,11.7223,2.393,794.9
cranberry,transformer,speed,weighted_loss,3.5412,3.4406,7.6487,11.2063,6.413,4.9318,11.4553,2.393,818.8
cranberry,xgboost,speed_incidents,standard,3.3787,3.2733,7.6793,11.6155,6.3129,4.7641,11.7224,2.393,110.9
cranberry,xgboost,speed_nr,standard,3.3784,3.2721,7.7166,11.6373,6.3554,4.7582,11.6418,2.393,111.5
cranberry,xgboost,speed,standard,3.3798,3.2742,7.6906,11.6164,6.3279,4.7661,11.7374,2.393,1213.7
cranberry,xgboost,speed_time_incidents,standard,3.3777,3.2729,7.6552,11.5891,6.2895,4.7622,11.6771,2.393,118.7
cranberry,xgboost,speed_time_nr,standard,3.3774,3.271,7.721,11.6147,6.3691,4.7568,11.6248,2.393,142.1
cranberry,xgboost,speed_time,standard,3.3795,3.2744,7.6682,11.5835,6.3089,4.7648,11.6933,2.393,108.2
cranberry,xgboost,speed_time_weather_incidents,standard,3.3787,3.2747,7.6248,11.539,6.2661,4.7576,11.6298,2.393,190.1
cranberry,xgboost,speed_time_weather,standard,3.3799,3.2759,7.626,11.5255,6.2725,4.7598,11.6424,2.393,157.1
cranberry,xgboost,speed_weather_incidents,standard,3.3808,3.2758,7.6655,11.5628,6.3126,4.7632,11.7116,2.393,154.2
cranberry,xgboost,speed_weather,standard,3.383,3.2776,7.6835,11.5622,6.337,4.7663,11.7327,2.393,156.7
tsmo,agcrn,speed_incidents,standard,3.7342,3.5328,9.8038,13.2729,8.2475,5.6738,13.4514,3.211,1436.6
tsmo,agcrn,speed,multi_objective,3.7707,3.5727,9.7372,12.9621,8.2904,5.7031,13.349,3.211,2114.6
tsmo,agcrn,speed,nr_finetune,3.7833,3.5835,9.8068,13.1134,8.3234,5.7157,13.422,3.211,2047.1
tsmo,agcrn,speed_nr_causal,standard,3.7272,3.53,9.6715,13.3046,8.0417,5.6559,13.2876,3.211,1438.3
tsmo,agcrn,speed,standard,3.7518,3.5501,9.8324,13.1766,8.3322,5.683,13.4298,3.211,1311.8
tsmo,agcrn,speed_time_incidents,standard,3.7349,3.5456,9.4421,12.6741,7.9923,5.626,13.0448,3.211,2017.1
tsmo,agcrn,speed_time_nr,standard,3.7351,3.5476,9.3896,12.8127,7.854,5.6228,12.9726,3.211,1723.7
tsmo,agcrn,speed_time,standard,3.7348,3.5457,9.4332,12.7275,7.9554,5.6273,13.0722,3.211,1948.7
tsmo,agcrn,speed_time_weather_incidents,standard,3.9084,3.7036,10.0811,13.1605,8.6996,5.8415,13.791,3.211,596.5
tsmo,agcrn,speed_time_weather,standard,3.9213,3.7152,10.1341,13.3281,8.7013,5.8618,13.8939,3.211,648.2
tsmo,agcrn,speed_weather_incidents,standard,3.931,3.7279,10.0534,13.2027,8.6406,5.8758,13.796,3.211,656.4
tsmo,agcrn,speed_weather,standard,3.9477,3.7441,10.0864,13.0437,8.7598,5.8933,13.8356,3.211,708.9
tsmo,agcrn,speed,weighted_loss,4.5595,4.3873,9.7521,11.8755,8.7994,6.4659,13.0282,3.211,1381.1
tsmo,astgcn,speed_incidents,standard,3.9214,3.6924,10.8264,13.4349,9.6562,5.9102,14.6826,3.211,1188.0
tsmo,astgcn,speed,multi_objective,nan,nan,nan,nan,nan,nan,nan,3.211,153.8
tsmo,astgcn,speed_nr_causal,standard,4.0008,3.7553,11.4023,13.8724,10.2941,6.053,15.2851,3.211,2457.8
tsmo,astgcn,speed,standard,3.9591,3.7094,11.4869,13.855,10.4245,6.0205,15.3381,3.211,727.7
tsmo,astgcn,speed_time_incidents,standard,3.8186,3.6149,9.9589,13.456,8.39,5.7611,13.536,3.211,3151.2
tsmo,astgcn,speed_time_nr,standard,3.9139,3.6874,10.7398,13.2745,9.6026,5.911,14.6111,3.211,2161.8
tsmo,astgcn,speed_time,standard,4.2401,3.9823,12.3597,14.1095,11.5594,6.335,16.4608,3.211,422.6
tsmo,astgcn,speed_time_weather_incidents,standard,3.9085,3.7145,9.7567,12.8239,8.3806,5.7993,13.262,3.211,2310.0
tsmo,astgcn,speed_time_weather,standard,3.9659,3.7583,10.2249,13.3518,8.8221,5.9027,13.7782,3.211,1839.7
tsmo,astgcn,speed_weather_incidents,standard,3.9421,3.7475,9.8076,12.9357,8.4044,5.8376,13.3078,3.211,1191.5
tsmo,astgcn,speed_weather,standard,3.8828,3.6665,10.4033,13.3334,9.0888,5.8346,13.9444,3.211,703.4
tsmo,astgcn,speed,weighted_loss,4.6413,4.45,10.4084,12.132,9.6351,6.5324,13.7812,3.211,1165.5
tsmo,d2stgnn,speed_incidents,standard,5.3084,4.8929,17.8329,15.7505,18.7667,7.8573,22.4409,3.211,380.3
tsmo,d2stgnn,speed,nr_finetune,5.2948,4.8836,17.6888,15.6127,18.62,7.8194,22.2884,3.211,143.0
tsmo,d2stgnn,speed_nr,standard,5.3096,4.893,17.8687,15.7502,18.8187,7.861,22.4798,3.211,380.5
tsmo,d2stgnn,speed,standard,5.2492,4.8343,17.7558,15.7397,18.6599,7.7895,22.3587,3.211,366.2
tsmo,d2stgnn,speed_time_incidents,standard,5.5009,5.107,17.375,15.3295,18.2922,7.9762,21.9437,3.211,378.2
tsmo,d2stgnn,speed_time_nr,standard,5.5003,5.1075,17.3401,15.3313,18.241,7.9737,21.905,3.211,385.3
tsmo,d2stgnn,speed_time,standard,5.3982,4.9998,17.4078,15.4164,18.3009,7.885,21.9774,3.211,380.0
tsmo,d2stgnn,speed_time_weather_incidents,standard,5.1831,4.7425,18.4647,16.3101,19.4309,7.8285,23.1224,3.211,414.2
tsmo,d2stgnn,speed_time_weather,standard,5.186,4.753,18.2365,16.027,19.2274,7.7944,22.8917,3.211,413.5
tsmo,d2stgnn,speed_weather_incidents,standard,5.4203,5.0204,17.474,15.3203,18.44,7.9094,22.0549,3.211,415.3
tsmo,d2stgnn,speed_weather,standard,5.2946,4.8679,18.1572,16.0721,19.0922,7.8916,22.7897,3.211,412.2
tsmo,d2stgnn,speed,weighted_loss,5.2948,4.8836,17.6888,15.6127,18.62,7.8194,22.2884,3.211,143.0
tsmo,dcrnn,speed_incidents,standard,3.8226,3.6248,9.7852,13.1975,8.2543,5.7476,13.3192,3.211,2082.9
tsmo,dcrnn,speed,multi_objective,3.8099,3.6129,9.7474,13.0528,8.2644,5.7872,13.4628,3.211,5370.8
tsmo,dcrnn,speed,nr_finetune,3.8226,3.6277,9.6971,13.0137,8.2091,5.7651,13.2886,3.211,6393.9
tsmo,dcrnn,speed_nr_causal,standard,3.7948,3.5889,10.0014,13.378,8.4865,5.7562,13.6257,3.211,2642.6
tsmo,dcrnn,speed,standard,3.8133,3.6143,9.8105,13.2947,8.2474,5.752,13.3988,3.211,1880.2
tsmo,dcrnn,speed_time_incidents,standard,3.7958,3.6099,9.3976,12.4137,8.0445,5.7286,13.1232,3.211,3182.4
tsmo,dcrnn,speed_time_nr,standard,3.7742,3.5839,9.5125,12.7058,8.0798,5.7026,13.2276,3.211,4207.1
tsmo,dcrnn,speed_time,standard,3.7549,3.5619,9.5721,12.9376,8.0623,5.6771,13.2449,3.211,2660.4
tsmo,dcrnn,speed_time_weather_incidents,standard,3.8719,3.6654,10.0971,13.348,8.6387,5.8134,13.7971,3.211,1904.2
tsmo,dcrnn,speed_time_weather,standard,3.8771,3.6733,10.0201,13.0018,8.6823,5.8276,13.7963,3.211,2477.8
tsmo,dcrnn,speed_weather_incidents,standard,3.8589,3.6577,9.9248,13.1228,8.4901,5.7932,13.644,3.211,2180.2
tsmo,dcrnn,speed_weather,standard,3.9047,3.6937,10.2634,13.2029,8.9446,5.8563,13.9496,3.211,2612.9
tsmo,dcrnn,speed,weighted_loss,4.2226,4.0198,10.3378,13.0011,9.1428,6.2425,14.0837,3.211,14067.7
tsmo,dgcrn,speed_incidents,standard,3.6603,3.4883,8.8434,12.0827,7.3902,5.5355,12.4689,3.211,6083.2
tsmo,dgcrn,speed,multi_objective,3.9352,3.7632,9.1184,11.799,7.9157,5.8065,12.5236,3.211,4067.6
tsmo,dgcrn,speed,nr_finetune,3.7312,3.5529,9.1046,12.375,7.6374,5.6319,12.673,3.211,6911.0
tsmo,dgcrn,speed_nr_causal,standard,3.6668,3.4943,8.8657,12.1468,7.3937,5.5279,12.4052,3.211,4292.8
tsmo,dgcrn,speed,standard,3.6534,3.4816,8.8297,12.1486,7.3407,5.5362,12.5045,3.211,5115.1
tsmo,dgcrn,speed_time_incidents,standard,3.7232,3.5399,9.2509,12.618,7.7404,5.6226,12.7789,3.211,3551.7
tsmo,dgcrn,speed_time_nr,standard,3.7232,3.5399,9.2509,12.618,7.7404,5.6226,12.7789,3.211,3600.4
tsmo,dgcrn,speed_time,standard,3.6696,3.4944,8.9492,12.2322,7.4763,5.544,12.5649,3.211,4587.3
tsmo,dgcrn,speed_time_weather_incidents,standard,3.7232,3.5399,9.2509,12.618,7.7404,5.6226,12.7789,3.211,3750.0
tsmo,dgcrn,speed_time_weather,standard,3.7232,3.5399,9.2509,12.618,7.7404,5.6226,12.7789,3.211,3739.5
tsmo,dgcrn,speed_weather_incidents,standard,3.7232,3.5399,9.2509,12.618,7.7404,5.6226,12.7789,3.211,3733.2
tsmo,dgcrn,speed_weather,standard,3.7232,3.5399,9.2509,12.618,7.7404,5.6226,12.7789,3.211,3724.9
tsmo,dgcrn,speed,weighted_loss,4.3626,4.1496,10.7835,12.6792,9.933,6.2334,14.0946,3.211,2837.1
tsmo,dstagnn,speed_incidents,standard,3.9232,3.6784,11.3009,14.6189,9.8124,5.9956,14.8889,3.211,1628.5
tsmo,dstagnn,speed,multi_objective,3.9343,3.6942,11.1711,14.4862,9.6839,6.0108,14.866,3.211,3165.0
tsmo,dstagnn,speed,nr_finetune,3.97,3.719,11.537,14.5955,10.1649,6.0532,15.08,3.211,2343.6
tsmo,dstagnn,speed_nr,standard,3.9702,3.7192,11.5365,14.5938,10.1649,6.0532,15.079,3.211,1507.0
tsmo,dstagnn,speed,standard,3.7421,3.5357,9.9659,13.1767,8.5256,5.6858,13.7015,3.211,1506.3
tsmo,dstagnn,speed_time_incidents,standard,5.0693,4.9718,13.7328,14.3045,12.7189,6.8307,17.9841,3.211,245.0
tsmo,dstagnn,speed_time_nr,standard,3.7551,3.5545,9.7993,12.7093,8.4938,5.686,13.43,3.211,1657.9
tsmo,dstagnn,speed_time,standard,3.7377,3.5392,9.722,12.9051,8.294,5.6866,13.4551,3.211,2248.0
tsmo,dstagnn,speed_time_weather_incidents,standard,3.7686,3.5594,10.0764,13.1686,8.6893,5.7376,13.9243,3.211,2140.4
tsmo,dstagnn,speed_time_weather,standard,3.9445,3.6989,11.3454,14.4682,9.9445,6.0171,14.9826,3.211,1657.7
tsmo,dstagnn,speed_weather_incidents,standard,3.9432,3.7083,11.0237,14.2682,9.5682,5.9777,14.611,3.211,2350.4
tsmo,dstagnn,speed_weather,standard,3.9603,3.7166,11.3055,14.5027,9.8712,6.0283,14.9097,3.211,1214.0
tsmo,dstagnn,speed,weighted_loss,4.343,4.1662,9.6722,11.7105,8.7578,6.2615,13.1647,3.211,2377.2
tsmo,gwnet,speed_incidents,standard,3.655,3.4819,8.8738,12.1702,7.395,5.5408,12.4668,3.211,13479.2
tsmo,gwnet,speed,multi_objective,3.6865,3.5062,9.1215,12.6306,7.5473,5.5908,12.6875,3.211,9008.9
tsmo,gwnet,speed,nr_finetune,3.6811,3.5014,9.0978,12.6311,7.5127,5.5901,12.6495,3.211,9657.5
tsmo,gwnet,speed_nr_causal,standard,3.6525,3.4766,8.955,12.4225,7.3993,5.5429,12.4486,3.211,11083.6
tsmo,gwnet,speed,standard,3.7017,3.5258,9.0043,12.3936,7.4838,5.5995,12.5285,3.211,5191.5
tsmo,gwnet,speed_time_incidents,standard,3.6475,3.4709,8.9713,12.4295,7.4199,5.5225,12.4503,3.211,8827.3
tsmo,gwnet,speed_time_nr,standard,3.6487,3.4827,8.6527,11.9229,7.1856,5.5056,12.1421,3.211,15884.6
tsmo,gwnet,speed_time,standard,3.6643,3.4982,8.6729,11.9781,7.1901,5.528,12.2269,3.211,12412.2
tsmo,gwnet,speed_time_weather_incidents,standard,3.7309,3.5514,9.1421,12.505,7.6335,5.5995,12.6509,3.211,4705.4
tsmo,gwnet,speed_time_weather,standard,3.7625,3.5872,9.0467,12.3367,7.5707,5.6342,12.6458,3.211,6104.6
tsmo,gwnet,speed_weather_incidents,standard,3.7395,3.5585,9.1947,12.6642,7.6382,5.6267,12.7808,3.211,7310.2
tsmo,gwnet,speed_weather,standard,3.7347,3.5524,9.2299,12.5678,7.7325,5.6297,12.8437,3.211,6732.7
tsmo,gwnet,speed,weighted_loss,4.2002,4.0389,9.0619,11.408,8.0094,6.0502,12.1998,3.211,2666.8
tsmo,historical_average,speed_incidents,standard,4.8782,4.5901,13.5612,13.5681,13.558,7.2387,18.2593,3.211,2.6
tsmo,historical_average,speed_nr_causal,standard,4.8782,4.5901,13.5612,13.5681,13.558,7.2387,18.2593,3.211,2.0
tsmo,historical_average,speed,standard,4.8782,4.5901,13.5612,13.5681,13.558,7.2387,18.2593,3.211,2.8
tsmo,historical_average,speed_time_incidents,standard,4.8782,4.5901,13.5612,13.5681,13.558,7.2387,18.2593,3.211,2.8
tsmo,historical_average,speed_time_nr,standard,4.8782,4.5901,13.5612,13.5681,13.558,7.2387,18.2593,3.211,2.0
tsmo,historical_average,speed_time,standard,4.8782,4.5901,13.5612,13.5681,13.558,7.2387,18.2593,3.211,2.0
tsmo,historical_average,speed_time_weather_incidents,standard,4.8782,4.5901,13.5612,13.5681,13.558,7.2387,18.2593,3.211,2.6
tsmo,historical_average,speed_time_weather,standard,4.8782,4.5901,13.5612,13.5681,13.558,7.2387,18.2593,3.211,2.2
tsmo,historical_average,speed_weather_incidents,standard,4.8782,4.5901,13.5612,13.5681,13.558,7.2387,18.2593,3.211,2.6
tsmo,historical_average,speed_weather,standard,4.8782,4.5901,13.5612,13.5681,13.558,7.2387,18.2593,3.211,2.4
tsmo,hl,speed_incidents,standard,4.8522,4.6461,11.0651,14.3826,9.5767,7.3276,15.3609,3.211,3.4
tsmo,hl,speed,multi_objective,4.8522,4.6461,11.0651,14.3826,9.5767,7.3276,15.3609,3.211,3.5
tsmo,hl,speed,nr_finetune,4.8522,4.6461,11.0651,14.3826,9.5767,7.3276,15.3609,3.211,2.7
tsmo,hl,speed_nr,standard,4.8522,4.6461,11.0651,14.3826,9.5767,7.3276,15.3609,3.211,2.9
tsmo,hl,speed,standard,4.8522,4.6461,11.0651,14.3826,9.5767,7.3276,15.3609,3.211,3.4
tsmo,hl,speed_time_incidents,standard,4.8522,4.6461,11.0651,14.3826,9.5767,7.3276,15.3609,3.211,3.7
tsmo,hl,speed_time_nr,standard,4.8522,4.6461,11.0651,14.3826,9.5767,7.3276,15.3609,3.211,3.7
tsmo,hl,speed_time,standard,4.8522,4.6461,11.0651,14.3826,9.5767,7.3276,15.3609,3.211,2.8
tsmo,hl,speed_time_weather_incidents,standard,4.8522,4.6461,11.0651,14.3826,9.5767,7.3276,15.3609,3.211,3.5
tsmo,hl,speed_time_weather,standard,4.8522,4.6461,11.0651,14.3826,9.5767,7.3276,15.3609,3.211,3.8
tsmo,hl,speed_weather_incidents,standard,4.8522,4.6461,11.0651,14.3826,9.5767,7.3276,15.3609,3.211,3.8
tsmo,hl,speed_weather,standard,4.8522,4.6461,11.0651,14.3826,9.5767,7.3276,15.3609,3.211,3.6
tsmo,hl,speed,weighted_loss,4.8522,4.6461,11.0651,14.3826,9.5767,7.3276,15.3609,3.211,2.8
tsmo,last_observation,speed_incidents,standard,4.8522,4.6461,11.0651,14.3826,9.5767,7.3276,15.3609,3.211,1.7
tsmo,last_observation,speed_nr_causal,standard,4.8522,4.6461,11.0651,14.3826,9.5767,7.3276,15.3609,3.211,1.5
tsmo,last_observation,speed,standard,4.8522,4.6461,11.0651,14.3826,9.5767,7.3276,15.3609,3.211,2.2
tsmo,last_observation,speed_time_incidents,standard,4.8522,4.6461,11.0651,14.3826,9.5767,7.3276,15.3609,3.211,1.4
tsmo,last_observation,speed_time_nr,standard,4.8522,4.6461,11.0651,14.3826,9.5767,7.3276,15.3609,3.211,1.6
tsmo,last_observation,speed_time,standard,4.8522,4.6461,11.0651,14.3826,9.5767,7.3276,15.3609,3.211,1.3
tsmo,last_observation,speed_time_weather_incidents,standard,4.8522,4.6461,11.0651,14.3826,9.5767,7.3276,15.3609,3.211,2.2
tsmo,last_observation,speed_time_weather,standard,4.8522,4.6461,11.0651,14.3826,9.5767,7.3276,15.3609,3.211,2.1
tsmo,last_observation,speed_weather_incidents,standard,4.8522,4.6461,11.0651,14.3826,9.5767,7.3276,15.3609,3.211,1.9
tsmo,last_observation,speed_weather,standard,4.8522,4.6461,11.0651,14.3826,9.5767,7.3276,15.3609,3.211,2.0
tsmo,linear_ar,speed_incidents,standard,4.0705,3.8065,12.0286,14.6416,10.8563,6.1393,15.4954,3.211,947.6
tsmo,linear_ar,speed_nr_causal,standard,4.0705,3.8065,12.0286,14.6416,10.8563,6.1393,15.4954,3.211,946.1
tsmo,linear_ar,speed,standard,4.0705,3.8065,12.0286,14.6416,10.8563,6.1393,15.4954,3.211,945.6
tsmo,linear_ar,speed_time_incidents,standard,4.0705,3.8065,12.0286,14.6416,10.8563,6.1393,15.4954,3.211,942.5
tsmo,linear_ar,speed_time_nr,standard,4.0705,3.8065,12.0286,14.6416,10.8563,6.1393,15.4954,3.211,943.2
tsmo,linear_ar,speed_time,standard,4.0705,3.8065,12.0286,14.6416,10.8563,6.1393,15.4954,3.211,951.1
tsmo,linear_ar,speed_time_weather_incidents,standard,4.0705,3.8065,12.0286,14.6416,10.8563,6.1393,15.4954,3.211,952.6
tsmo,linear_ar,speed_time_weather,standard,4.0705,3.8065,12.0286,14.6416,10.8563,6.1393,15.4954,3.211,958.8
tsmo,linear_ar,speed_weather_incidents,standard,4.0705,3.8065,12.0286,14.6416,10.8563,6.1393,15.4954,3.211,945.8
tsmo,linear_ar,speed_weather,standard,4.0705,3.8065,12.0286,14.6416,10.8563,6.1393,15.4954,3.211,958.3
tsmo,lstm,speed_incidents,standard,3.8789,3.6522,10.7129,14.3415,9.085,5.9222,14.435,3.211,553.4
tsmo,lstm,speed,multi_objective,3.8746,3.6448,10.8009,14.5891,9.1014,5.9416,14.5825,3.211,579.1
tsmo,lstm,speed,nr_finetune,3.9016,3.6804,10.5718,14.1467,8.968,5.9506,14.3931,3.211,848.9
tsmo,lstm,speed_nr_causal,standard,3.8723,3.6521,10.5084,14.3452,8.7871,5.9009,14.1314,3.211,557.0
tsmo,lstm,speed,standard,3.8965,3.6713,10.6829,14.224,9.0943,5.9258,14.364,3.211,348.9
tsmo,lstm,speed_time_incidents,standard,3.8551,3.6486,10.0793,13.5623,8.5168,5.8227,13.809,3.211,1003.9
tsmo,lstm,speed_time_nr,standard,3.843,3.6423,9.8925,13.5895,8.234,5.7939,13.5255,3.211,987.1
tsmo,lstm,speed_time,standard,3.8622,3.6551,10.1049,13.5576,8.556,5.8302,13.8534,3.211,926.9
tsmo,lstm,speed_time_weather_incidents,standard,3.9437,3.7383,10.1378,13.355,8.6946,5.8953,13.8341,3.211,465.7
tsmo,lstm,speed_time_weather,standard,3.8771,3.6611,10.3866,13.6844,8.9072,5.8609,14.1436,3.211,505.3
tsmo,lstm,speed_weather_incidents,standard,3.8764,3.6627,10.3165,13.5419,8.8696,5.8659,14.0689,3.211,827.4
tsmo,lstm,speed_weather,standard,3.9115,3.6984,10.3359,13.5643,8.8876,5.8753,14.0167,3.211,677.3
tsmo,lstm,speed,weighted_loss,4.6214,4.4346,10.254,12.8798,9.076,6.5182,13.7357,3.211,291.0
tsmo,lstm_st,speed_incidents,standard,3.8888,3.6654,10.6221,14.2333,9.002,5.9263,14.3566,3.211,114.9
tsmo,lstm_st,speed,multi_objective,3.8854,3.6648,10.5346,14.1749,8.9015,5.9203,14.2978,3.211,332.6
tsmo,lstm_st,speed,nr_finetune,3.8899,3.6702,10.5115,14.1063,8.8988,5.9154,14.2426,3.211,426.1
tsmo,lstm_st,speed_nr_causal,standard,3.8747,3.6558,10.4724,14.3121,8.7499,5.9068,14.149,3.211,115.8
tsmo,lstm_st,speed,standard,3.8838,3.6648,10.4846,14.0492,8.8854,5.9303,14.3084,3.211,125.7
tsmo,lstm_st,speed_time_incidents,standard,3.8427,3.6368,10.0498,13.5264,8.4902,5.809,13.7879,3.211,340.9
tsmo,lstm_st,speed_time_nr,standard,3.8219,3.6171,9.9977,13.7818,8.3001,5.7893,13.6373,3.211,243.4
tsmo,lstm_st,speed_time,standard,3.8504,3.6453,10.0321,13.4689,8.4904,5.8064,13.7367,3.211,257.5
tsmo,lstm_st,speed_time_weather_incidents,standard,3.853,3.6433,10.1727,13.5832,8.6428,5.8209,13.8657,3.211,209.5
tsmo,lstm_st,speed_time_weather,standard,3.8838,3.6738,10.2141,13.5349,8.7244,5.8455,13.9254,3.211,217.4
tsmo,lstm_st,speed_weather_incidents,standard,3.8716,3.6603,10.24,13.618,8.7246,5.8451,13.9767,3.211,238.6
tsmo,lstm_st,speed_weather,standard,3.8953,3.6865,10.1886,13.4798,8.7122,5.8558,13.9126,3.211,300.0
tsmo,lstm_st,speed,weighted_loss,4.5592,4.3792,9.9861,12.443,8.8838,6.4201,13.3591,3.211,137.3
tsmo,stgcn,speed_incidents,standard,3.7095,3.5193,9.4411,12.9078,7.8858,5.6244,12.9779,3.211,996.8
tsmo,stgcn,speed,multi_objective,3.7287,3.5408,9.3936,12.7324,7.8958,5.6469,12.9376,3.211,1004.5
tsmo,stgcn,speed,nr_finetune,3.7343,3.5407,9.5689,13.1643,7.956,5.6711,13.1615,3.211,1514.5
tsmo,stgcn,speed_nr_causal,standard,3.7094,3.5231,9.326,12.6355,7.8413,5.608,12.8276,3.211,1026.3
tsmo,stgcn,speed,standard,3.7151,3.5318,9.2409,12.5148,7.7721,5.6116,12.761,3.211,891.5
tsmo,stgcn,speed_time_incidents,standard,3.6981,3.5205,9.0506,12.3732,7.5601,5.5845,12.6021,3.211,888.0
tsmo,stgcn,speed_time_nr,standard,3.6995,3.5252,8.9526,12.1568,7.5152,5.5661,12.4389,3.211,1155.5
tsmo,stgcn,speed_time,standard,3.6978,3.5221,8.9947,12.27,7.5253,5.5746,12.5295,3.211,1111.9
tsmo,stgcn,speed_time_weather_incidents,standard,3.7062,3.5214,9.2779,12.8059,7.6952,5.6015,12.8937,3.211,614.1
tsmo,stgcn,speed_time_weather,standard,3.7186,3.53,9.4056,13.1391,7.7308,5.626,13.0636,3.211,543.3
tsmo,stgcn,speed_weather_incidents,standard,3.7217,3.5379,9.2646,12.8282,7.6659,5.6284,12.9101,3.211,944.4
tsmo,stgcn,speed_weather,standard,3.7226,3.53,9.5285,12.9853,7.9778,5.6262,13.1145,3.211,478.9
tsmo,stgcn,speed,weighted_loss,4.1756,4.01,9.1688,11.311,8.2076,6.0224,12.2676,3.211,894.3
tsmo,stgode,speed_incidents,standard,3.7958,3.5943,9.872,13.4499,8.2668,5.7468,13.4436,3.211,3740.2
tsmo,stgode,speed,multi_objective,3.8015,3.5948,10.0344,13.6612,8.4074,5.7708,13.6242,3.211,4368.7
tsmo,stgode,speed,nr_finetune,3.8224,3.6202,9.9179,13.4832,8.3184,5.7685,13.472,3.211,5218.4
tsmo,stgode,speed_nr,standard,3.8034,3.6061,9.749,13.3072,8.1526,5.742,13.2658,3.211,2328.1
tsmo,stgode,speed,standard,3.7939,3.5892,9.9654,13.5551,8.3549,5.7491,13.5237,3.211,2220.6
tsmo,stgode,speed_time_incidents,standard,3.7572,3.576,9.2174,12.4499,7.7672,5.6315,12.7117,3.211,2380.5
tsmo,stgode,speed_time_nr,standard,3.738,3.5551,9.2523,12.728,7.6931,5.6205,12.753,3.211,1736.3
tsmo,stgode,speed_time,standard,3.7561,3.567,9.4559,12.7712,7.9686,5.6403,12.978,3.211,1985.3
tsmo,stgode,speed_time_weather_incidents,standard,3.8328,3.6336,9.8367,13.205,8.3257,5.74,13.3899,3.211,963.7
tsmo,stgode,speed_time_weather,standard,3.8739,3.672,9.9575,13.0657,8.5631,5.7868,13.5286,3.211,1141.0
tsmo,stgode,speed_weather_incidents,standard,3.9925,3.7995,9.8098,13.0181,8.3705,5.9206,13.4963,3.211,1490.9
tsmo,stgode,speed_weather,standard,3.8802,3.6773,9.9944,13.2651,8.5272,5.7892,13.5591,3.211,1021.1
tsmo,stgode,speed,weighted_loss,4.2645,4.0789,9.8584,12.3646,8.7339,6.125,13.0955,3.211,1501.3
tsmo,sttn,speed_incidents,standard,3.6735,3.4968,8.9984,12.3067,7.5142,5.5614,12.478,3.211,1973.4
tsmo,sttn,speed,multi_objective,3.7075,3.5227,9.2778,12.5489,7.8103,5.6046,12.7514,3.211,2896.5
tsmo,sttn,speed,nr_finetune,3.6925,3.5041,9.3717,12.9392,7.7713,5.6145,12.949,3.211,2872.8
tsmo,sttn,speed_nr_causal,standard,3.6664,3.4884,9.0308,12.538,7.4574,5.5517,12.5098,3.211,1909.2
tsmo,sttn,speed,standard,3.6799,3.5007,9.0811,12.3772,7.6023,5.5638,12.542,3.211,2167.3
tsmo,sttn,speed_time_incidents,standard,3.6718,3.4935,9.0449,12.4856,7.5014,5.5447,12.5958,3.211,1811.0
tsmo,sttn,speed_time_nr,standard,3.6548,3.4807,8.9006,12.2678,7.39,5.5099,12.3479,3.211,2616.0
tsmo,sttn,speed_time,standard,3.6769,3.4999,9.0098,12.3076,7.5304,5.5376,12.481,3.211,1734.6
tsmo,sttn,speed_time_weather_incidents,standard,3.7517,3.5658,9.3566,12.8005,7.8116,5.6339,12.8519,3.211,1153.7
tsmo,sttn,speed_time_weather,standard,3.7592,3.5734,9.3594,12.9125,7.7655,5.6502,12.9404,3.211,1414.3
tsmo,sttn,speed_weather_incidents,standard,3.7781,3.6018,9.0916,12.4626,7.5793,5.6586,12.6318,3.211,1445.7
tsmo,sttn,speed_weather,standard,3.7485,3.5662,9.2449,12.8114,7.6449,5.6412,12.834,3.211,1757.2
tsmo,sttn,speed,weighted_loss,4.1534,3.9865,9.1841,11.3263,8.223,6.0205,12.3817,3.211,1273.3
tsmo,transformer,speed_incidents,standard,3.869,3.6423,10.7036,14.4127,9.0396,5.9318,14.5186,3.211,1571.6
tsmo,transformer,speed,multi_objective,3.8724,3.6443,10.7484,14.3883,9.1154,5.927,14.4752,3.211,5710.2
tsmo,transformer,speed,nr_finetune,3.8692,3.642,10.7171,14.3694,9.0786,5.9244,14.4589,3.211,4531.9
tsmo,transformer,speed_nr_causal,standard,3.8606,3.639,10.5426,14.4541,8.7879,5.908,14.2008,3.211,1226.3
tsmo,transformer,speed,standard,3.8718,3.6437,10.7491,14.4664,9.0814,5.9321,14.5302,3.211,1480.0
tsmo,transformer,speed_time_incidents,standard,3.8309,3.6238,10.0731,13.5308,8.522,5.8029,13.807,3.211,2016.9
tsmo,transformer,speed_time_nr,standard,3.8096,3.6054,9.9665,13.7807,8.2555,5.7933,13.6408,3.211,1941.0
tsmo,transformer,speed_time,standard,3.829,3.6225,10.0542,13.5485,8.4866,5.8019,13.8041,3.211,2593.6
tsmo,transformer,speed_time_weather_incidents,standard,3.8772,3.667,10.2121,13.4233,8.7715,5.8445,13.906,3.211,2297.5
tsmo,transformer,speed_time_weather,standard,3.8354,3.6231,10.2353,13.6351,8.7102,5.8173,13.9596,3.211,1792.8
tsmo,transformer,speed_weather_incidents,standard,3.8528,3.6411,10.234,13.6249,8.7128,5.8353,13.9559,3.211,1372.8
tsmo,transformer,speed_weather,standard,3.8422,3.6208,10.5138,13.786,9.0458,5.8287,14.1685,3.211,1081.9
tsmo,transformer,speed,weighted_loss,4.2755,4.0829,10.0798,12.8471,8.8384,6.2361,13.5877,3.211,1147.3
tsmo,xgboost,speed_incidents,standard,3.9381,3.6704,12.0051,15.2608,10.5445,6.0622,15.5834,3.211,235.5
tsmo,xgboost,speed_nr,standard,3.924,3.6692,11.6057,15.3195,9.9396,6.0231,15.0162,3.211,242.7
tsmo,xgboost,speed,standard,3.9437,3.6734,12.0927,15.3082,10.6501,6.0722,15.6553,3.211,3834.2
tsmo,xgboost,speed_time_incidents,standard,3.8577,3.6138,11.2097,14.479,9.7431,5.8996,14.7839,3.211,237.2
tsmo,xgboost,speed_time_nr,standard,3.8429,3.6118,10.8087,14.5157,9.1457,5.8606,14.2691,3.211,240.5
tsmo,xgboost,speed_time,standard,3.8598,3.6159,11.2138,14.4482,9.7627,5.898,14.7825,3.211,237.0
tsmo,xgboost,speed_time_weather_incidents,standard,3.8875,3.6621,10.6811,13.8983,9.2378,5.8769,14.3586,3.211,333.3
tsmo,xgboost,speed_time_weather,standard,3.8867,3.6615,10.6747,13.8886,9.2329,5.8752,14.3573,3.211,336.8
tsmo,xgboost,speed_weather_incidents,standard,3.891,3.6649,10.7084,13.9505,9.254,5.8837,14.3785,3.211,335.3
tsmo,xgboost,speed_weather,standard,3.8918,3.664,10.7578,13.957,9.3226,5.8847,14.4178,3.211,316.4
